NCT ID	Raw CT.gov Conditions	First PMID	All MeSH Terms
NCT06917040	Vector Borne Diseases | Leishmaniasis, Cutaneous	40611204	Adolescent | Adult | Animals | Child | Female | Humans | Male | Middle Aged | Young Adult | Insect Repellents / therapeutic use | Leishmaniasis, Cutaneous / prevention & control | Psychodidae | Syria / epidemiology | Vector Borne Diseases / prevention & control | Cyclopropanes | Fluorobenzenes
NCT00569361	Allergic Rhinitis	22005912	(no MeSH)
NCT06197646	Inhalation | Respiratory Disease	17200287	Child | Child Development | Child Rearing | Child, Preschool | Humans | Parent-Child Relations | Parenting | Parents / psychology | Pediatrics | Physician's Role | Play and Playthings | Psychology, Child | Stress, Psychological
NCT00637689	Chronic Graft Versus Host Disease	34126278	Bronchiolitis Obliterans / etiology | Graft vs Host Disease | Hematopoietic Stem Cell Transplantation / adverse effects | Humans | Lung Transplantation | Matrix Metalloproteinase 9
NCT03548402	Nonsuicidal Self-Injury | Anxiety	20580437	Adolescent | Adult | Anxiety / diagnosis | Child | Depression / diagnosis | Disability Evaluation | Factor Analysis, Statistical | Female | Humans | Male | Middle Aged | Predictive Value of Tests | Psychometrics | Quality of Life | Reproducibility of Results | Retrospective Studies | Self-Injurious Behavior / complications | Sensitivity and Specificity | Surveys and Questionnaires | Young Adult
NCT02482844	Post-TAVI	27797979	Adult | Algorithms | Aortic Valve / pathology | Bundle-Branch Block / diagnosis | Cardiac Catheterization / adverse effects | Cardiac Conduction System Disease | Clinical Decision-Making / methods | Electrocardiography | Electrophysiological Phenomena | Heart / physiopathology | Heart Valve Prosthesis | Humans | Monitoring, Physiologic | Pacemaker, Artificial | Postoperative Complications / diagnosis | Prognosis | Research Design | Transcatheter Aortic Valve Replacement / adverse effects | Treatment Outcome
NCT01548313	Lactation | Pregnancy	28894126	Bacteria / classification | Child Development | Female | Gastrointestinal Microbiome | Gastrointestinal Tract / microbiology | Humans | Infant | Infant, Newborn | Male | Microbiota | Slovenia | Time Factors
NCT02706093	Glucose Intolerance	32492705	Adaptation, Physiological | Adult | Exercise / physiology | Female | High-Intensity Interval Training | Humans | Insulin / metabolism | Insulin Resistance / physiology | Male | Muscle, Skeletal / metabolism | Obesity / metabolism | Sedentary Behavior | Treatment Outcome | Young Adult
NCT00973908	Diarrhoea	12052801	Anti-Bacterial Agents / adverse effects | Child | Diarrhea / chemically induced | Humans | Odds Ratio | Probiotics / therapeutic use | Randomized Controlled Trials as Topic | Treatment Outcome
NCT00847158	Primary Open Angle Glaucoma and Cataracts	26587282	(no MeSH)
NCT04005664	Cesarean Section Complications | Anesthesia Complication	29090733	Adult | Anesthesia, Obstetrical / adverse effects | Anesthesia, Spinal / adverse effects | Cesarean Section | Ephedrine / therapeutic use | Female | Humans | Hypotension / chemically induced | Phenylephrine / therapeutic use | Pregnancy | Vasoconstrictor Agents / therapeutic use
NCT03543423	Healthy	34479362	Adult | Biomarkers / blood | C-Peptide / blood | Cholecystokinin / blood | Follow-Up Studies | Gastric Emptying | Glucagon / blood | Glucagon-Like Peptide 1 / blood | Glucose / metabolism | Humans | Insulin / blood | Male | Meals | Pancreatic Hormones / blood | Prognosis | Prospective Studies | Young Adult
NCT05671809	Rectal Cancer	33538338	Africa / epidemiology | Americas / epidemiology | Asia / epidemiology | Databases, Factual | Developed Countries / statistics & numerical data | Developing Countries / statistics & numerical data | Europe | Female | Global Health / statistics & numerical data | Humans | Incidence | Internationality | Male | Neoplasms / epidemiology | Oceania / epidemiology | Population Dynamics | Risk Factors | Sex Distribution
NCT06326502	Liver Cancer | Advanced Hepatocellular Carcinoma | Hepatocellular Carcinoma	35454900	(no MeSH)
NCT05495490	Maxillary Sinus Floor Augmentation	30427961	Bone Density | Bone Substitutes | Dental Implantation | Dental Implantation, Endosseous / methods | Female | Follow-Up Studies | Humans | Male | Maxillary Sinus / surgery | Middle Aged | Retrospective Studies | Sinus Floor Augmentation / methods
NCT00987454	Traumatic Brain Injury	39301879	Humans | Acute Kidney Injury / prevention & control | Bias | Erythropoietin / therapeutic use | Hematinics / therapeutic use | Randomized Controlled Trials as Topic
NCT04465097	Breast Cancer	31036468	Aminopyridines / administration & dosage | Androstadienes / administration & dosage | Antineoplastic Combined Chemotherapy Protocols / therapeutic use | Benzamides / administration & dosage | Bone Neoplasms / drug therapy | Breast Neoplasms / drug therapy | Double-Blind Method | Female | Follow-Up Studies | Humans | Liver Neoplasms / drug therapy | Lung Neoplasms / drug therapy | Middle Aged | Neoplasm Recurrence, Local / drug therapy | Postmenopause | Erb-b2 Receptor Tyrosine Kinases / metabolism | Receptors, Estrogen / metabolism | Receptors, Progesterone / metabolism | Salvage Therapy | Survival Rate | Treatment Outcome
NCT00046436	HIV Infections	9624029	AIDS Serodiagnosis | Anti-HIV Agents / therapeutic use | Female | HIV Infections / prevention & control | Humans | Infectious Disease Transmission, Vertical / prevention & control | Labor, Obstetric | Pregnancy | Pregnancy Complications, Infectious / prevention & control | Pregnant People | Zidovudine / therapeutic use
NCT07292246	Hereditary Breast Carcinoma | Germline Mutation Abnormality | DCIS | BRCA 2 Gene Mutation | Early Breast Cancer | BRCA 1 Gene Mutation | Breast Cancer | Breast Neoplasms	28692558	Breast Neoplasms / surgery | Female | Humans | Mammaplasty / methods | Mastectomy, Subcutaneous / methods | Nipples / surgery | Robotic Surgical Procedures
NCT00517400	Post Traumatic Stress Disorder	22921765	(no MeSH)
NCT05962801	Smoking, Cigarette | Non-surgical Periodontal Therapy | Dual- Light Photodynamic Therapy | Periodontitis	34033939	(no MeSH)
NCT01958320	Patent Ductus Arteriosus | Surgery | Necrotizing Enterocolitis | Intestinal Perforation	30340932	Acetaminophen / therapeutic use | Conservative Treatment | Continuous Positive Airway Pressure | Cyclooxygenase Inhibitors / therapeutic use | Ductus Arteriosus, Patent / classification | Female | Gestational Age | Humans | Ibuprofen / therapeutic use | Indomethacin / therapeutic use | Infant, Extremely Premature | Infant, Newborn | Male | Prospective Studies | Single-Blind Method | Treatment Outcome
NCT04188002	Nutrition | Physical Activity	2260540	Adolescent | Analysis of Variance | Black People | Body Mass Index | Child | Cholesterol / blood | Female | Hispanic or Latino | Humans | Hypercholesterolemia / etiology | Linear Models | Male | Obesity / blood | United States | White People | Black or African American
NCT03905317	Lung Adenocarcinoma	7799047	Humans | Lymphatic Metastasis | Neoplasms / mortality
NCT00437138	Coronary Heart Disease	24667535	Adolescent | Adult | Aged | Air Pollutants / toxicity | Arrhythmias, Cardiac / chemically induced | Coronary Disease / chemically induced | Cross-Over Studies | Double-Blind Method | Electrocardiography | Environmental Exposure | Female | Humans | Male | Middle Aged | Risk Assessment | Time Factors | Young Adult
NCT00704314	Hypercholesterolemia | Cardiovascular Disease | Diabetes	18957532	Adult | Blood Glucose / drug effects | Cholesterol, HDL / blood | Cholesterol, LDL / blood | Diabetes Mellitus, Type 2 / blood | Double-Blind Method | Fatty Acids, Nonesterified / blood | Glucose / metabolism | Humans | Hydroxymethylglutaryl-CoA Reductase Inhibitors / therapeutic use | Insulin / blood | Lipids / physiology | Liver / metabolism | Magnetic Resonance Spectroscopy | Middle Aged | Placebos | Reference Values | Simvastatin / therapeutic use
NCT01744600	Dementia	16263837	Behavior Therapy | Caregivers / education | Cognitive Behavioral Therapy | Dementia / psychology | Evidence-Based Medicine | Guidelines as Topic | Humans | Patient Education as Topic | Person-Centered Psychotherapy | Psychotherapy / methods | Randomized Controlled Trials as Topic / standards | Research Design / standards | Treatment Outcome
NCT04493645	Ankle Injuries | Ankle Sprains	37032355	(no MeSH)
NCT05326282	Prostate Cancer	27433263	(no MeSH)
NCT03128450	Parkinson Disease	24910427	Dopamine Plasma Membrane Transport Proteins / biosynthesis | Dopaminergic Neurons / metabolism | Humans | Parkinson Disease / metabolism
NCT06047951	Intracranial Aneurysm	28498930	Aneurysm, Ruptured | Female | Humans | Intracranial Aneurysm | Male | Multivariate Analysis | Prospective Studies | Risk Factors
NCT03665311	Hypotension | Acute Kidney Injury | Renal Replacement Therapy	34902089	(no MeSH)
NCT04981262	Bacterial Overgrowth | Malabsorption Syndrome Autoimmune Enteropathy | Short Bowel Syndrome | Intestinal Pseudo-Obstruction	40770855	Adolescent | Child | Child, Preschool | Female | Humans | Infant | Male | Gastrointestinal Diseases | Intestinal Failure / complications | Pilot Projects | Prebiotics / administration & dosage | Quality of Life | Treatment Outcome
NCT00279929	Aging | Dehydroepiandosterone Replacement | DHEA Replacement	18990320	Adrenal Insufficiency / drug therapy | Androstenedione / blood | Body Composition / drug effects | Cross-Over Studies | Dehydroepiandrosterone / therapeutic use | Dehydroepiandrosterone Sulfate / blood | Female | Hormone Replacement Therapy | Humans | Middle Aged | Mitochondria, Muscle / drug effects | Mitochondrial Proteins / drug effects | Muscle Fibers, Skeletal / drug effects | Muscle Proteins / drug effects | Muscle Strength / drug effects | Muscle, Skeletal / drug effects | Myosin Heavy Chains / drug effects | Oxidoreductases / drug effects | Oxygen Consumption / drug effects | Placebos | Prospective Studies | Proteins / drug effects | RNA, Messenger / drug effects | Sarcoplasmic Reticulum / drug effects | Somatomedins / drug effects | Testosterone / blood | Transcription Factors / drug effects
NCT05469048	Systemic Inflammatory Response Syndrome | Sepsis	38592057	(no MeSH)
NCT00304746	Depressive Disorder, Major	20520285	Adult | Aged | Antidepressive Agents / blood | Major Depressive Disorder / blood | Double-Blind Method | Gels | Humans | Male | Middle Aged | Psychiatric Status Rating Scales | Quality of Life / psychology | Single-Blind Method | Testosterone / administration & dosage | Treatment Outcome
NCT02341378	Degenerative Arthritis	25760423	Aged | Chondrocytes / transplantation | Female | Genetic Therapy | Humans | Knee Joint / pathology | Male | Middle Aged | Osteoarthritis, Knee / pathology | Single-Blind Method | Transforming Growth Factor beta1 / genetics
NCT00448760	Esophageal Cancer	21258083	Adenocarcinoma / drug therapy | Aged | Aged, 80 and over | Antimetabolites, Antineoplastic / administration & dosage | Antineoplastic Combined Chemotherapy Protocols / adverse effects | Chemotherapy, Adjuvant | Disease-Free Survival | Docetaxel | Esophageal Neoplasms / drug therapy | Esophagectomy / methods | Female | Floxuridine / administration & dosage | Follow-Up Studies | Gastrectomy | Humans | Kaplan-Meier Estimate | Leucovorin / administration & dosage | Lymphatic Metastasis | Male | Middle Aged | Neoadjuvant Therapy / methods | Neoplasm Staging | Organoplatinum Compounds / administration & dosage | Oxaliplatin | Taxoids / administration & dosage | Time Factors | Treatment Outcome
NCT00000658	Lymphoma, Non-Hodgkin | HIV Infections	9171066	Adult | Antineoplastic Combined Chemotherapy Protocols / administration & dosage | Bleomycin / administration & dosage | CD4 Lymphocyte Count | Cyclophosphamide / administration & dosage | Dexamethasone / administration & dosage | Doxorubicin / administration & dosage | Female | Granulocyte-Macrophage Colony-Stimulating Factor / therapeutic use | HIV Infections / complications | Humans | Lymphoma, Non-Hodgkin / drug therapy | Male | Methotrexate / administration & dosage | Neutropenia / chemically induced | Survival Analysis | Thrombocytopenia / chemically induced | Vincristine / administration & dosage
NCT06062602	Head and Neck Squamous Cell Carcinoma	32299817	(no MeSH)
NCT00199927	Proteinuria | Hypertension | Chronic Nephropathy	38018702	Adult | Humans | Creatinine | Hydroxymethylglutaryl-CoA Reductase Inhibitors / adverse effects | Myocardial Infarction / prevention & control | Renal Dialysis | Renal Insufficiency, Chronic / complications | Rhabdomyolysis / chemically induced | Stroke / drug therapy | Systematic Reviews as Topic
NCT04845074	Glenohumeral Osteoarthritis	35138410	Arthroplasty, Replacement, Shoulder / adverse effects | Artificial Limbs | Exercise Therapy | Humans | Multicenter Studies as Topic | Osteoarthritis / surgery | Quality of Life | Randomized Controlled Trials as Topic | Treatment Outcome
NCT05117073	Spontanous Fungal Peritonitis	23996048	Adult | Aged | Bacteria / isolation & purification | Candida / classification | Coinfection / epidemiology | Cross Infection / epidemiology | Cryptococcus neoformans / isolation & purification | Female | Humans | Liver Cirrhosis / complications | Male | Middle Aged | Mycoses / epidemiology | Peritonitis / epidemiology | Prevalence | Republic of Korea / epidemiology | Survival Analysis | Tertiary Care Centers
NCT00223808	Cerebrovascular Disorders | Hemiplegia	21674393	Aged | Hospitals, Veterans | Humans | Middle Aged | Paresis / etiology | Psychomotor Performance | Recovery of Function | Robotics | Stroke Rehabilitation | Upper Extremity
NCT05559983	Cholera Vaccination Reaction	39217775	Shigella flexneri / immunology | Animals | Shigella Vaccines / immunology | Dysentery, Bacillary / prevention & control | Mice | Antibodies, Bacterial / blood | Vaccines, Conjugate / immunology | Humans | Immunoglobulin G / blood | O Antigens / immunology | Female | Mice, Inbred BALB C | Immunoglobulin M / immunology | Serogroup | Lipopolysaccharides / immunology
NCT03180541	Personality Disorder, Borderline	32410670	Borderline Personality Disorder / therapy | Dialectical Behavior Therapy | Humans | Mental Health Services | Program Evaluation
NCT03373123	Esophageal Varices in Cirrhosis of the Liver	26579733	Algorithms | Biopsy | Data Mining | Decision Making | Diagnosis, Computer-Assisted / methods | Diagnostic Imaging | Genomics | Humans | Image Interpretation, Computer-Assisted / methods | Medical Informatics | Neoplasms / diagnosis | Prognosis | Radiology Information Systems
NCT00340990	Mycobacterium Tuberculosis	9359738	Bacterial Vaccines / immunology | CD4 Lymphocyte Count | Cytokines / physiology | HIV Infections / immunology | Humans | Immunotherapy | Tuberculosis / immunology
NCT02066753	Hypothermia | Cardiac Arrest	33608045	Aged | Echocardiography / methods | Female | Forecasting | Humans | Hypothermia, Induced / methods | Male | Middle Aged | Neurologic Examination | Out-of-Hospital Cardiac Arrest / therapy | Resuscitation | Survivors | Thorax / diagnostic imaging | Ventricular Function, Left | Ventricular Function, Right
NCT02467478	Impaired Renal Function | Type 2 Diabetes	32493344	Adult | Aged | Antigens, CD34 / blood | Biomarkers / blood | Cells, Cultured | Diabetes Mellitus, Type 2 / blood | Diabetic Nephropathies / blood | Dipeptidyl-Peptidase IV Inhibitors / adverse effects | District of Columbia | Double-Blind Method | Drug Therapy, Combination | Endothelial Progenitor Cells / drug effects | Female | Humans | Hypoglycemic Agents / adverse effects | Insulin / adverse effects | Linagliptin / adverse effects | Male | Metformin / adverse effects | Middle Aged | Pilot Projects | Receptors, CXCR4 / blood | Renal Insufficiency, Chronic / blood | Time Factors | Treatment Outcome
NCT01094444	Folliculitis	28197850	Adult | Aged | Cetuximab / adverse effects | Exanthema / chemically induced | Female | Humans | Male | Middle Aged | Vitamin K 3 / administration & dosage
NCT05911542	Pain Management	28691744	Adolescent | Adult | Anesthesia, Dental / methods | Anesthetics / therapeutic use | Attitude of Health Personnel | Child | Child, Preschool | Dental Care for Children / methods | Dental Restoration, Permanent / methods | Dentists / psychology | Female | Humans | Male | Middle Aged | Sweden | Tooth Extraction / methods
NCT01336140	Patients With Severe Chronic Kidney Disease Being Evaluated With Nuclear Stress Testing of the Heart Using the Stress Agent Regadenoson	23224354	Adenosine A2 Receptor Agonists / adverse effects | Adult | Aged | Aminophylline / administration & dosage | Chi-Square Distribution | Chicago | Diarrhea / chemically induced | Double-Blind Method | Female | Humans | Infusions, Intravenous | Male | Middle Aged | Myocardial Ischemia / complications | Myocardial Perfusion Imaging / methods | Odds Ratio | Predictive Value of Tests | Purinergic P1 Receptor Antagonists / administration & dosage | Purines / adverse effects | Pyrazoles / adverse effects | Renal Insufficiency, Chronic / complications | Risk Factors | Severity of Illness Index | Tomography, Emission-Computed, Single-Photon | Treatment Outcome
NCT05766059	Stroke | Hemiparesis | Phantom Limb Pain	34302877	Humans | Nerve Net / physiology | Neuronal Plasticity / physiology | Sensorimotor Cortex / physiology | Transcranial Magnetic Stimulation | Transcutaneous Electric Nerve Stimulation
NCT05060497	Covid19	32444460	Adolescent | Adult | Age Factors | Aged | Aged, 80 and over | Betacoronavirus | COVID-19 | Child | Child, Preschool | Comorbidity | Coronavirus Infections / epidemiology | Critical Care | Female | Hospitalization | Humans | Infant | Infant, Newborn | Male | Middle Aged | Pandemics | Pneumonia, Viral / epidemiology | Prospective Studies | Respiration, Artificial | Risk Factors | SARS-CoV-2 | Sex Factors | United Kingdom / epidemiology | Young Adult
NCT03141359	Lung Cancer Stage II | Lung Cancer Stage III | Non Small Cell Lung Cancer	39615497	Humans | Carcinoma, Non-Small-Cell Lung / therapy | Male | Female | Lung Neoplasms / therapy | Middle Aged | Aged | Radiosurgery / adverse effects | Chemoradiotherapy | Immunotherapy / methods | Antineoplastic Combined Chemotherapy Protocols / therapeutic use | Adult | Progression-Free Survival | Neoplasm Staging | Carboplatin / administration & dosage | Aged, 80 and over | Antibodies, Monoclonal
NCT00943423	Lymphoma	40135712	Adult | Humans | Bias | Fluorodeoxyglucose F18 | Hodgkin Disease / diagnostic imaging | Positron-Emission Tomography / methods | Progression-Free Survival | Quality of Life | Radiopharmaceuticals | Randomized Controlled Trials as Topic
NCT00566722	Psoriasis	21414495	(no MeSH)
NCT05885620	Dementia | Dementia, Mixed | Dementia With Lewy Bodies | Alzheimer Disease | Mild Cognitive Impairment | Dementia, Vascular | Dementia Frontotemporal	38848116	Humans | Dementia / psychology | Male | Female | Aged | User-Centered Design | Smartphone | Self-Help Devices | Aged, 80 and over | Surveys and Questionnaires | Activities of Daily Living / psychology | Cognitive Dysfunction / psychology | Middle Aged | Mobile Applications
NCT05969990	Migraine in Children	36497053	Humans | Tryptophan / metabolism | Serotonin / metabolism | Kynurenine / metabolism | Kynurenic Acid | Migraine Disorders | Metabolic Networks and Pathways | Pain
NCT02810704	Venous Thrombosis | Pulmonary Embolism	31895235	Anticoagulants / therapeutic use | Arthroplasty, Replacement, Hip | Arthroplasty, Replacement, Knee | Aspirin / therapeutic use | Humans | Postoperative Complications / prevention & control | Selection Bias | Venous Thromboembolism / prevention & control
NCT01126125	Iodine Deficiency	24622750	Breast Feeding | Dietary Supplements / adverse effects | Double-Blind Method | Drug Administration Routes | Female | Humans | Infant | Infant, Newborn | Iodine / administration & dosage | Male | Milk, Human / chemistry | Morocco | Thyrotropin / metabolism | Thyroxine / metabolism
NCT02224755	Advanced Refractory Left Ventricular Heart Failure	27959709	Adult | Aged | Aged, 80 and over | Disease-Free Survival | Heart Failure / mortality | Heart-Assist Devices / adverse effects | Humans | Intention to Treat Analysis | Kaplan-Meier Estimate | Middle Aged | Prosthesis Design | Prosthesis Failure | Stroke / etiology | Thrombosis / etiology | Young Adult
NCT00776035	Obesity | Heart Failure	15474689	Fatty Acids, Nonesterified / blood | Heart Failure / drug therapy | Humans | Mitochondria / metabolism | Myocardial Contraction / physiology | Oxygen / metabolism | Quality of Life | Trimetazidine / therapeutic use | Vasodilator Agents / therapeutic use
NCT06453447	Distal Radius Fractures | Complex Regional Pain Syndromes	16814787	Adult | Age Distribution | Aged | Aged, 80 and over | Female | Fractures, Bone / epidemiology | Humans | Incidence | Male | Middle Aged | Osteoporosis / complications | Retrospective Studies | Risk Factors | Sex Distribution | United Kingdom / epidemiology
NCT03994393	EGFR Mutant Advanced Non Small Cell Lung Cancer	39877028	(no MeSH)
NCT00127998	Malaria	14506209	(no MeSH)
NCT04264481	Knee Osteoarthritis	23973124	Adult | Aged | Arthralgia / epidemiology | Chronic Pain / epidemiology | Disability Evaluation | Global Health | Humans | Osteoarthritis / epidemiology | Pain Management | Prevalence | Risk Factors | Socioeconomic Factors
NCT06658002	Fungal Keratitis | Corneal Ulcer	34483271	Corneal Ulcer / drug therapy | Cyclosporine / therapeutic use | Eye Infections, Fungal / microbiology | Female | Humans | Keratoplasty, Penetrating | Male | Ophthalmic Solutions | Retrospective Studies | Treatment Outcome | Visual Acuity
NCT01142531	CT | Bronchodilation | COPD	10988137	Adult | Aged | Aged, 80 and over | Airway Resistance / physiology | Female | Humans | Image Processing, Computer-Assisted | Lung Diseases, Obstructive / diagnostic imaging | Male | Middle Aged | Predictive Value of Tests | Pulmonary Emphysema / diagnostic imaging | Smoking / adverse effects | Tomography, X-Ray Computed
NCT00833235	Dry Eye	29284427	Adult | Aged | Aged, 80 and over | Biomarkers / chemistry | Conjunctiva / pathology | Cytokines / metabolism | Disease Progression | Dry Eye Syndromes / diagnosis | Female | Follow-Up Studies | Humans | Lubricant Eye Drops / administration & dosage | Male | Middle Aged | Prognosis | Prospective Studies | Tears / chemistry | Time Factors
NCT00550927	Unspecified Adult Solid Tumor, Protocol Specific	22766773	Adult | Aged | Aged, 80 and over | Angiogenesis Inhibitors / administration & dosage | Antibodies, Monoclonal, Humanized / administration & dosage | Antineoplastic Combined Chemotherapy Protocols / administration & dosage | Bevacizumab | Female | Glycogen Synthase Kinase 3 / blood | Glycogen Synthase Kinase 3 beta | Humans | Indoles / administration & dosage | Male | Middle Aged | Neoplasms / blood | Protein Kinase Inhibitors / administration & dosage | Treatment Outcome | Young Adult
NCT03874689	Taeniosis | Neurocysticercosis	37983246	Prevalence | Male | Helminthiasis / epidemiology | Taenia solium | Helminths | Intestinal Diseases, Parasitic | Humans | Animals | Zambia / epidemiology | Cross-Sectional Studies | Taeniasis / parasitology | Feces / parasitology
NCT00813696	Pancreatic Cancer	20194854	Adult | Aged | Antineoplastic Combined Chemotherapy Protocols / adverse effects | Cisplatin / administration & dosage | Deoxycytidine / administration & dosage | Female | Humans | Male | Middle Aged | Pancreatic Neoplasms / drug therapy | Gemcitabine
NCT05728060	Radiation Enteritis	41605669	Adult | Aged | Female | Humans | Middle Aged | Bile Acids and Salts / metabolism | Chronic Disease | Enteritis / microbiology | Feces / chemistry | Gastrointestinal Microbiome / radiation effects | Radiation Injuries / microbiology | Uterine Cervical Neoplasms / radiotherapy
NCT06152926	Cancer	36291823	(no MeSH)
NCT07495241	Carotid Web	41340049	(no MeSH)
NCT00626236	Conduct Disorder | Attention Deficit Disorder With Hyperactivity	22372512	Antipsychotic Agents / administration & dosage | Attention Deficit Disorder with Hyperactivity / complications | Child | Conduct Disorder / complications | Dose-Response Relationship, Drug | Humans | Male | Molindone / administration & dosage | Psychiatric Status Rating Scales | Severity of Illness Index | Treatment Outcome
NCT04855929	Lung Cancer | Advanced Solid Tumor | Adult Disease	38243906	Adult | Humans | Neoplasms / pathology | Recombinant Fusion Proteins / administration & dosage
NCT01157234	Hypertension	10330062	Adult | Aged | Arginine / blood | Citrulline / blood | Creatinine / blood | Cyclic GMP / metabolism | Female | Humans | Hypertension, Renal / metabolism | Kidney / enzymology | Kidney Failure, Chronic / metabolism | Male | Middle Aged | Nitrates / metabolism | Nitric Oxide / biosynthesis | Nitric Oxide Synthase / metabolism | Nitric Oxide Synthase Type III | Nitrites / metabolism | Oxidation-Reduction | Peritoneal Dialysis
NCT00417911	Multiple Myeloma	23616624	Antineoplastic Agents / therapeutic use | Boronic Acids / therapeutic use | Bortezomib | Female | Follow-Up Studies | Humans | Male | Middle Aged | Multiple Myeloma / drug therapy | Neoplasm Recurrence, Local / drug therapy | Prognosis | Pyrazines / therapeutic use | Quality of Life | Stem Cell Transplantation | Survival Rate | Transplantation, Autologous
NCT03738813	Upper Extremity Injury | Hemiplegia and/or Hemiparesis Following Stroke	25432120	Adult | Aged | Brain Ischemia / epidemiology | Cost of Illness | Female | Global Health / statistics & numerical data | Humans | Incidence | Male | Middle Aged | Mortality / trends | Quality-Adjusted Life Years | Stroke / epidemiology
NCT02609672	Osteoarthritis, Hip | Osteoarthritis, Knee	28379878	Depression / etiology | Exercise / physiology | Female | Humans | Male | Middle Aged | Muscle Strength | Muscle, Skeletal / physiology | Musculoskeletal Pain / etiology | Occupational Health | Osteoarthritis, Hip / complications | Osteoarthritis, Knee / complications | Resilience, Psychological | Self Efficacy | Single-Blind Method | Symptom Assessment | Universities | Walk Test | Work Capacity Evaluation | Workplace
NCT06307574	Hypertension | Aging | Mild Cognitive Impairment	38487251	(no MeSH)
NCT04088929	Diabetic Neuropathies	12577252	Blood Glucose / metabolism | Diabetes Mellitus / blood | Diabetic Neuropathies / classification | Humans | Pain / diagnosis | Pain Measurement / methods | Quality of Life | Surveys and Questionnaires
NCT00406133	Type 1 Diabetes	18828243	Adolescent | Adult | Blood Glucose Self-Monitoring / adverse effects | Child | Cohort Studies | Cost-Benefit Analysis | Diabetes Mellitus, Type 1 / blood | Female | Glycated Hemoglobin / analysis | Humans | Hypoglycemia / blood | Hypoglycemic Agents / adverse effects | Insulin / adverse effects | Male | Patient Satisfaction | Pilot Projects | Sample Size | Surveys and Questionnaires | Treatment Outcome
NCT00324714	Osteoporosis | Breast Cancer	38979716	Humans | Female | Breast Neoplasms / drug therapy | Bone Density Conservation Agents / therapeutic use | Randomized Controlled Trials as Topic | Diphosphonates / therapeutic use | Bone Density / drug effects | RANK Ligand / antagonists & inhibitors | Zoledronic Acid / therapeutic use | Quality of Life | Osteoporosis / drug therapy | Denosumab / therapeutic use | Osteoporotic Fractures / prevention & control | Risedronic Acid / therapeutic use | Ibandronic Acid / therapeutic use | Clodronic Acid / therapeutic use | Pamidronate / therapeutic use
NCT05787223	Visual Impairment	29483748	(no MeSH)
NCT03338738	Enterobacterial Infection	33794294	Anti-Bacterial Agents / pharmacology | Feces | Humans | Intensive Care Units | Pilot Projects | Prospective Studies | beta-Lactamases
NCT06462638	Postpartum Depression | Preterm Birth	31254811	Adult | Child Development / physiology | Depression, Postpartum / diagnosis | Emotions / physiology | Facial Expression | Female | Humans | Infant | Longitudinal Studies | Male | Mother-Child Relations / psychology | Mothers / psychology | Motor Activity / physiology | Spatial Behavior / physiology | Videotape Recording / methods
NCT04120961	Coronary Heart Disease	25775052	Aged | Antithrombins / adverse effects | Drug Therapy, Combination | Female | Fibrinolytic Agents / adverse effects | Hemorrhage / chemically induced | Heparin / adverse effects | Hirudins / adverse effects | Humans | Male | Middle Aged | Myocardial Infarction / drug therapy | Peptide Fragments / adverse effects | Percutaneous Coronary Intervention | Recombinant Proteins / adverse effects | Tirofiban | Tyrosine / adverse effects
NCT04813081	Patient Reported Outcome	31461778	Connective Tissue | Dental Implants | Esthetics, Dental | Gingiva / surgery | Gingival Recession / surgery | Humans | Plastics | Plastic Surgery Procedures
NCT02162706	Endocrine Disorders	19585406	Adrenal Insufficiency / diagnosis | Adult | Case-Control Studies | Diagnostic Techniques, Endocrine | Female | Humans | Hydrocortisone / blood | Insulin / analysis | Male | Middle Aged | Saliva / chemistry
NCT01555424	The Focus is to Assess 25-hydroxyvitamin D Levels and Well-being	15260882	(no MeSH)
NCT06421402	COPD | Severe Asthma	37314850	(no MeSH)
NCT05490628	Fear Anxiety | Cognition Disorder | Stroke	20824849	Activities of Daily Living | Adult | Cognition Disorders / etiology | Humans | Occupational Therapy / methods | Randomized Controlled Trials as Topic | Stroke / complications | Stroke Rehabilitation
NCT01500850	Insulin-requiring Type 2 Diabetes Mellitus	33166419	Bias | Diabetes Mellitus, Type 2 / blood | Hemoglobin A / metabolism | Humans | Hypoglycemia / chemically induced | Hypoglycemic Agents / adverse effects | Insulin Detemir / adverse effects | Insulin Glargine / adverse effects | Insulin, Isophane / adverse effects | Insulin, Long-Acting / adverse effects | Randomized Controlled Trials as Topic
NCT05549856	Solid Pancreatic Lesions | EUS-FNB	40019152	Aged | Female | Humans | Male | Middle Aged | Endoscopic Ultrasound-Guided Fine Needle Aspiration / methods | Pancreas / pathology | Pancreatic Neoplasms / pathology | Sensitivity and Specificity | Suction / methods
NCT05239351	Lipodystrophy | Plaque | Cicatrix	25473038	Aging | Animals | Biomarkers / metabolism | Cicatrix | Fibrosis / pathology | Humans | Infections | Inflammation | Mice | Neovascularization, Pathologic | Peptide Hydrolases / metabolism | Regeneration | Signal Transduction | Skin / pathology | Stem Cells / cytology | Translational Research, Biomedical | Wound Healing
NCT02788435	Unilateral Vocal Cord Lesions	31498467	Disability Evaluation | Female | Follow-Up Studies | Humans | Laryngeal Diseases / physiopathology | Laser Therapy / methods | Lasers, Gas / therapeutic use | Male | Middle Aged | Phonation / physiology | Prospective Studies | Surveys and Questionnaires | Treatment Outcome | Vocal Cords / physiopathology | Voice Quality / physiology | Voice Training

=== Summary ===
Studies sampled:	100
Studies with any MeSH:	81
Unique raw CT.gov conditions:	159
