NCT ID	Raw CT.gov Conditions	First PMID	Disease MeSH (tree C*/F03*)	ICD-10 Match
NCT06917040	Vector Borne Diseases | Leishmaniasis, Cutaneous	40611204	Leishmaniasis, Cutaneous / prevention & control	-
NCT00569361	Allergic Rhinitis	22005912	(none)	-
NCT06197646	Inhalation | Respiratory Disease	17200287	(none)	-
NCT00637689	Chronic Graft Versus Host Disease	34126278	Bronchiolitis Obliterans / etiology	-
NCT03548402	Nonsuicidal Self-Injury | Anxiety	20580437	(none)	-
NCT02482844	Post-TAVI	27797979	Bundle-Branch Block / diagnosis	-
NCT01548313	Lactation | Pregnancy	28894126	(none)	-
NCT02706093	Glucose Intolerance	32492705	Insulin Resistance / physiology | Obesity / metabolism	E66
NCT00973908	Diarrhoea	12052801	(none)	-
NCT00847158	Primary Open Angle Glaucoma and Cataracts	26587282	(none)	-
NCT04005664	Cesarean Section Complications | Anesthesia Complication	29090733	(none)	-
NCT03543423	Healthy	34479362	(none)	-
NCT05671809	Rectal Cancer	33538338	(none)	-
NCT06326502	Liver Cancer | Advanced Hepatocellular Carcinoma | Hepatocellular Carcinoma	35454900	(none)	-
NCT05495490	Maxillary Sinus Floor Augmentation	30427961	(none)	-
NCT00987454	Traumatic Brain Injury	39301879	Acute Kidney Injury / prevention & control	N17
NCT04465097	Breast Cancer	31036468	Bone Neoplasms / drug therapy | Breast Neoplasms / drug therapy | Liver Neoplasms / drug therapy | Lung Neoplasms / drug therapy | Neoplasm Recurrence, Local / drug therapy	C50, C22, C34, Z85
NCT00046436	HIV Infections	9624029	HIV Infections / prevention & control | Pregnancy Complications, Infectious / prevention & control	B20
NCT07292246	Hereditary Breast Carcinoma | Germline Mutation Abnormality | DCIS | BRCA 2 Gene Mutation | Early Breast Cancer | BRCA 1 Gene Mutation | Breast Cancer | Breast Neoplasms	28692558	Breast Neoplasms / surgery	C50
NCT00517400	Post Traumatic Stress Disorder	22921765	(none)	-
NCT05962801	Smoking, Cigarette | Non-surgical Periodontal Therapy | Dual- Light Photodynamic Therapy | Periodontitis	34033939	(none)	-
NCT01958320	Patent Ductus Arteriosus | Surgery | Necrotizing Enterocolitis | Intestinal Perforation	30340932	Ductus Arteriosus, Patent / classification	-
NCT04188002	Nutrition | Physical Activity	2260540	Obesity / blood	E66
NCT03905317	Lung Adenocarcinoma	7799047	Lymphatic Metastasis	-
NCT00437138	Coronary Heart Disease	24667535	Arrhythmias, Cardiac / chemically induced | Coronary Disease / chemically induced	-
NCT00704314	Hypercholesterolemia | Cardiovascular Disease | Diabetes	18957532	Diabetes Mellitus, Type 2 / blood	E11
NCT01744600	Dementia	16263837	Dementia / psychology	-
NCT04493645	Ankle Injuries | Ankle Sprains	37032355	(none)	-
NCT05326282	Prostate Cancer	27433263	(none)	-
NCT03128450	Parkinson Disease	24910427	Parkinson Disease / metabolism	G20
NCT06047951	Intracranial Aneurysm	28498930	Intracranial Aneurysm	-
NCT03665311	Hypotension | Acute Kidney Injury | Renal Replacement Therapy	34902089	(none)	-
NCT04981262	Bacterial Overgrowth | Malabsorption Syndrome Autoimmune Enteropathy | Short Bowel Syndrome | Intestinal Pseudo-Obstruction	40770855	(none)	-
NCT00279929	Aging | Dehydroepiandosterone Replacement | DHEA Replacement	18990320	(none)	-
NCT05469048	Systemic Inflammatory Response Syndrome | Sepsis	38592057	(none)	-
NCT00304746	Depressive Disorder, Major	20520285	(none)	-
NCT02341378	Degenerative Arthritis	25760423	Osteoarthritis, Knee / pathology	M17
NCT00448760	Esophageal Cancer	21258083	Esophageal Neoplasms / drug therapy | Lymphatic Metastasis	-
NCT00000658	Lymphoma, Non-Hodgkin | HIV Infections	9171066	HIV Infections / complications | Lymphoma, Non-Hodgkin / drug therapy | Neutropenia / chemically induced | Thrombocytopenia / chemically induced	B20
NCT06062602	Head and Neck Squamous Cell Carcinoma	32299817	(none)	-
NCT00199927	Proteinuria | Hypertension | Chronic Nephropathy	38018702	Myocardial Infarction / prevention & control | Renal Insufficiency, Chronic / complications | Stroke / drug therapy	I63
NCT04845074	Glenohumeral Osteoarthritis	35138410	Osteoarthritis / surgery	-
NCT05117073	Spontanous Fungal Peritonitis	23996048	Cross Infection / epidemiology | Liver Cirrhosis / complications | Peritonitis / epidemiology	-
NCT00223808	Cerebrovascular Disorders | Hemiplegia	21674393	Paresis / etiology	-
NCT05559983	Cholera Vaccination Reaction	39217775	Dysentery, Bacillary / prevention & control	-
NCT03180541	Personality Disorder, Borderline	32410670	(none)	-
NCT03373123	Esophageal Varices in Cirrhosis of the Liver	26579733	(none)	-
NCT00340990	Mycobacterium Tuberculosis	9359738	HIV Infections / immunology	B20
NCT02066753	Hypothermia | Cardiac Arrest	33608045	(none)	-
NCT02467478	Impaired Renal Function | Type 2 Diabetes	32493344	Diabetes Mellitus, Type 2 / blood | Diabetic Nephropathies / blood | Renal Insufficiency, Chronic / blood	E11
NCT01094444	Folliculitis	28197850	(none)	-
NCT05911542	Pain Management	28691744	(none)	-
NCT01336140	Patients With Severe Chronic Kidney Disease Being Evaluated With Nuclear Stress Testing of the Heart Using the Stress Agent Regadenoson	23224354	Myocardial Ischemia / complications | Renal Insufficiency, Chronic / complications	-
NCT05766059	Stroke | Hemiparesis | Phantom Limb Pain	34302877	(none)	-
NCT05060497	Covid19	32444460	COVID-19 | Pneumonia, Viral / epidemiology	-
NCT03141359	Lung Cancer Stage II | Lung Cancer Stage III | Non Small Cell Lung Cancer	39615497	Carcinoma, Non-Small-Cell Lung / therapy | Lung Neoplasms / therapy	C34
NCT00943423	Lymphoma	40135712	Hodgkin Disease / diagnostic imaging	-
NCT00566722	Psoriasis	21414495	(none)	-
NCT05885620	Dementia | Dementia, Mixed | Dementia With Lewy Bodies | Alzheimer Disease | Mild Cognitive Impairment | Dementia, Vascular | Dementia Frontotemporal	38848116	Dementia / psychology	-
NCT05969990	Migraine in Children	36497053	Pain	-
NCT02810704	Venous Thrombosis | Pulmonary Embolism	31895235	(none)	-
NCT01126125	Iodine Deficiency	24622750	(none)	-
NCT02224755	Advanced Refractory Left Ventricular Heart Failure	27959709	Prosthesis Failure | Stroke / etiology	I63
NCT00776035	Obesity | Heart Failure	15474689	(none)	-
NCT06453447	Distal Radius Fractures | Complex Regional Pain Syndromes	16814787	Osteoporosis / complications	M80-M81
NCT03994393	EGFR Mutant Advanced Non Small Cell Lung Cancer	39877028	(none)	-
NCT00127998	Malaria	14506209	(none)	-
NCT04264481	Knee Osteoarthritis	23973124	Arthralgia / epidemiology | Chronic Pain / epidemiology | Osteoarthritis / epidemiology	-
NCT06658002	Fungal Keratitis | Corneal Ulcer	34483271	Corneal Ulcer / drug therapy | Eye Infections, Fungal / microbiology	-
NCT01142531	CT | Bronchodilation | COPD	10988137	Pulmonary Emphysema / diagnostic imaging	-
NCT00833235	Dry Eye	29284427	(none)	-
NCT00550927	Unspecified Adult Solid Tumor, Protocol Specific	22766773	(none)	-
NCT03874689	Taeniosis | Neurocysticercosis	37983246	Intestinal Diseases, Parasitic	-
NCT00813696	Pancreatic Cancer	20194854	Pancreatic Neoplasms / drug therapy	C25
NCT05728060	Radiation Enteritis	41605669	Enteritis / microbiology | Radiation Injuries / microbiology | Uterine Cervical Neoplasms / radiotherapy	-
NCT06152926	Cancer	36291823	(none)	-
NCT07495241	Carotid Web	41340049	(none)	-
NCT00626236	Conduct Disorder | Attention Deficit Disorder With Hyperactivity	22372512	(none)	-
NCT04855929	Lung Cancer | Advanced Solid Tumor | Adult Disease	38243906	(none)	-
NCT01157234	Hypertension	10330062	Hypertension, Renal / metabolism | Kidney Failure, Chronic / metabolism	I12, N18
NCT00417911	Multiple Myeloma	23616624	Multiple Myeloma / drug therapy | Neoplasm Recurrence, Local / drug therapy	Z85
NCT03738813	Upper Extremity Injury | Hemiplegia and/or Hemiparesis Following Stroke	25432120	Brain Ischemia / epidemiology | Stroke / epidemiology	I63
NCT02609672	Osteoarthritis, Hip | Osteoarthritis, Knee	28379878	Musculoskeletal Pain / etiology | Osteoarthritis, Hip / complications | Osteoarthritis, Knee / complications	M17
NCT06307574	Hypertension | Aging | Mild Cognitive Impairment	38487251	(none)	-
NCT04088929	Diabetic Neuropathies	12577252	Diabetes Mellitus / blood | Diabetic Neuropathies / classification | Pain / diagnosis	-
NCT00406133	Type 1 Diabetes	18828243	Diabetes Mellitus, Type 1 / blood	E10
NCT00324714	Osteoporosis | Breast Cancer	38979716	Breast Neoplasms / drug therapy | Osteoporosis / drug therapy	C50, M80-M81
NCT05787223	Visual Impairment	29483748	(none)	-
NCT03338738	Enterobacterial Infection	33794294	(none)	-
NCT06462638	Postpartum Depression | Preterm Birth	31254811	Depression, Postpartum / diagnosis	-
NCT04120961	Coronary Heart Disease	25775052	Myocardial Infarction / drug therapy	-
NCT04813081	Patient Reported Outcome	31461778	Gingival Recession / surgery	-
NCT02162706	Endocrine Disorders	19585406	(none)	-
NCT01555424	The Focus is to Assess 25-hydroxyvitamin D Levels and Well-being	15260882	(none)	-
NCT06421402	COPD | Severe Asthma	37314850	(none)	-
NCT05490628	Fear Anxiety | Cognition Disorder | Stroke	20824849	Stroke / complications	I63
NCT01500850	Insulin-requiring Type 2 Diabetes Mellitus	33166419	Diabetes Mellitus, Type 2 / blood	E11
NCT05549856	Solid Pancreatic Lesions | EUS-FNB	40019152	Pancreatic Neoplasms / pathology	C25
NCT05239351	Lipodystrophy | Plaque | Cicatrix	25473038	Cicatrix | Neovascularization, Pathologic	-
NCT02788435	Unilateral Vocal Cord Lesions	31498467	Laryngeal Diseases / physiopathology	-

=== Summary ===
Studies sampled:	100
Studies with disease MeSH:	55
Studies with NO disease MeSH:	45
Unique raw CT.gov conditions:	159
Unique disease MeSH descriptors:	68
Unique ICD-10 codes mapped:	16
